-- MySQL dump 10.13  Distrib 5.6.17, for Win64 (x86_64)
--
-- Host: localhost    Database: kamailio
-- ------------------------------------------------------
-- Server version	5.6.17

/*!40101 SET @OLD_CHARACTER_SET_CLIENT=@@CHARACTER_SET_CLIENT */;
/*!40101 SET @OLD_CHARACTER_SET_RESULTS=@@CHARACTER_SET_RESULTS */;
/*!40101 SET @OLD_COLLATION_CONNECTION=@@COLLATION_CONNECTION */;
/*!40101 SET NAMES utf8 */;
/*!40103 SET @OLD_TIME_ZONE=@@TIME_ZONE */;
/*!40103 SET TIME_ZONE='+00:00' */;
/*!40014 SET @OLD_UNIQUE_CHECKS=@@UNIQUE_CHECKS, UNIQUE_CHECKS=0 */;
/*!40014 SET @OLD_FOREIGN_KEY_CHECKS=@@FOREIGN_KEY_CHECKS, FOREIGN_KEY_CHECKS=0 */;
/*!40101 SET @OLD_SQL_MODE=@@SQL_MODE, SQL_MODE='NO_AUTO_VALUE_ON_ZERO' */;
/*!40111 SET @OLD_SQL_NOTES=@@SQL_NOTES, SQL_NOTES=0 */;


--
-- Dumping data for table `admin_manage`
--

LOCK TABLES `admin_manage` WRITE;
/*!40000 ALTER TABLE `admin_manage` DISABLE KEYS */;
INSERT INTO `admin_manage` VALUES ('62fc2f81-d452-11e5-9e0c-005056b543f6','yury','于汝意','4d4dda91d2212451e71358d62d680dea','15275565033','yuruyi@everyoo.com',1,'2016-02-16 10:10:01','2016-02-16 10:10:01',1,'',0),('630929d6-82c0-11e5-a4a7-abd117feb58f','msj','马学杰','22e2fb25e0ba203a5902fc75dc26094d','18589059734','maxuejie@everyoo.com',1,'2015-11-04 14:50:51','2015-11-04 14:50:51',0,'',0),('7de3346a-82be-11e5-a4a7-abd117feb58f','admin','管理员','a084c68c4a554c6b63598f5930c71d9d','05352105556','smartlife@everyoo.com',1,'2015-11-04 14:37:17','2015-11-04 14:53:50',1,'',1),('7ed236bc-82c0-11e5-a4a7-abd117feb58f','cuisy','崔士阳','edceb78c5dec71a1d5b3ae3332374bcc','15634163459','cuishiyang@everyoo.com',1,'2015-11-04 14:51:37','2015-11-04 14:51:37',1,'',0),('902aee22-82c0-11e5-a4a7-abd117feb58f','wangzh','王振华','530784556cd8836a5a3ad3920c4f6174','15075641672','wangzhenhua@everyoo.com',1,'2015-11-04 14:52:06','2015-11-25 11:00:12',1,'',0),('a183bef6-82c0-11e5-a4a7-abd117feb58f','wangxc','王兴才','62ad420d11cecb9677d18fb8392febcb','13215674698','wangxingcai@itelife.com',1,'2015-11-04 14:52:35','2015-11-04 14:52:35',1,'',0);
/*!40000 ALTER TABLE `admin_manage` ENABLE KEYS */;
UNLOCK TABLES;

--
-- Dumping data for table `define_action`
--

LOCK TABLES `define_action` WRITE;
/*!40000 ALTER TABLE `define_action` DISABLE KEYS */;
INSERT INTO `define_action` VALUES ('01fe9563-a7b2-11e5-b360-b8975ab8b52a','开始退网','020000000000000000000000000000000000000000000000000000011000000001000003',1,'2015-12-21 15:11:08',NULL,1,NULL,NULL,1),('205a03d2-a856-11e5-bab7-b8975ab8b52a','燃气报警/取消','020000000000000000000000000000000000000000000000000000014600000001000003',1,'2015-12-22 10:45:56','',1,'2015-12-21 15:21:54','',1),('50e0acc2-c0a3-11e5-83d3-005056b543f6','水浸报警/报警取消','020000000000000000000000000000000000000000000000000000014700000001000003',1,'2016-01-22 08:58:57',NULL,1,NULL,NULL,1),('74c42b0e-a7b2-11e5-b360-b8975ab8b52a','加网成功','020000000000000000000000000000000000000000000000000000011100000001000003',1,'2015-12-21 15:14:20',NULL,1,NULL,NULL,1),('8321dc5c-a7b3-11e5-b360-b8975ab8b52a','上报百分比（0x00：停止；0x01:全关；0x99:全开）','020000000000000000000000000000000000000000000000000000012600000001000003',1,'2015-12-21 15:21:54',NULL,1,NULL,NULL,1),('8cf31412-a7b3-11e5-b360-b8975ab8b52a','查询百分比（0x00：停止；0x01:全关；0x99:全开）','020000000000000000000000000000000000000000000000000000012500000001000003',1,'2015-12-21 15:22:11',NULL,1,NULL,NULL,1),('937c032c-a7b3-11e5-b360-b8975ab8b52a','设置百分比（0x00：停止；0x01:全关；0x99:全开）','020000000000000000000000000000000000000000000000000000012400000001000003',1,'2015-12-21 15:22:21',NULL,1,NULL,NULL,1),('97e72359-a7b2-11e5-b360-b8975ab8b52a','设备离线','020000000000000000000000000000000000000000000000000000011300000001000003',1,'2015-12-21 15:15:19',NULL,1,NULL,NULL,1),('9c3ccd50-a7b3-11e5-b360-b8975ab8b52a','瞬时功率','020000000000000000000000000000000000000000000000000000013100000001000003',1,'2015-12-21 15:22:36',NULL,1,NULL,NULL,1),('a1748f8e-a7b3-11e5-b360-b8975ab8b52a','累积功率','020000000000000000000000000000000000000000000000000000013200000001000003',1,'2015-12-21 15:22:45',NULL,1,NULL,NULL,1),('aa30f720-a7b3-11e5-b360-b8975ab8b52a','位置','020000000000000000000000000000000000000000000000000000013300000001000003',1,'2015-12-21 15:23:00',NULL,1,NULL,NULL,1),('b1e9dd4f-a7b3-11e5-b360-b8975ab8b52a','温度','020000000000000000000000000000000000000000000000000000014100000001000003',1,'2015-12-21 15:23:13',NULL,1,NULL,NULL,1),('b6899590-a7b3-11e5-b360-b8975ab8b52a','震动/取消','020000000000000000000000000000000000000000000000000000014200000001000003',1,'2015-12-21 15:23:20',NULL,1,NULL,NULL,1),('bc39ae07-a7b3-11e5-b360-b8975ab8b52a','亮度','020000000000000000000000000000000000000000000000000000014300000001000003',1,'2015-12-21 15:23:30',NULL,1,NULL,NULL,1),('c0d677e8-a7b3-11e5-b360-b8975ab8b52a','门磁开关','020000000000000000000000000000000000000000000000000000014400000001000003',1,'2015-12-21 15:23:38',NULL,1,NULL,NULL,1),('c30da48a-a7b2-11e5-b360-b8975ab8b52a','多路打开(控制)','020000000000000000000000000000000000000000000000000000012100000001000003',1,'2015-12-21 15:16:32',NULL,1,NULL,NULL,1),('c7bc1ed2-a7b3-11e5-b360-b8975ab8b52a','烟雾报警/报警取消','020000000000000000000000000000000000000000000000000000014500000001000003',1,'2015-12-21 15:23:49',NULL,1,NULL,NULL,1),('f9d0ce27-a7b2-11e5-b360-b8975ab8b52a','多路打开(上报)','020000000000000000000000000000000000000000000000000000012200000001000003',1,'2015-12-21 15:18:04',NULL,1,NULL,NULL,1),('f9d0ce27-a7b2-11e5-b360-b8975ab8b53a','风度','020000000000000000000000000000000000000000000000000000014600000001000003',1,'2016-02-26 13:54:31',NULL,1,NULL,NULL,1),('f9d0ce27-a7b2-11e5-b360-b8975ab8b53b','光度百分比','020000000000000000000000000000000000000000000000000000014700000001000003',1,'2016-02-26 13:55:15',NULL,1,NULL,NULL,1),('f9d0ce27-a7b2-11e5-b360-b8975ab8b53c','雨量','020000000000000000000000000000000000000000000000000000014800000001000003',1,'2016-02-26 13:55:43',NULL,1,NULL,NULL,1),('f9d0ce27-a7b2-11e5-b360-b8975ab8b53d','湿度','020000000000000000000000000000000000000000000000000000014900000001000003',1,'2016-02-26 13:56:38',NULL,1,NULL,NULL,1),('f9d0ce27-a7b2-11e5-b360-b8975ab8b53e','紫外线','020000000000000000000000000000000000000000000000000000014a00000001000003',1,'2016-02-26 13:56:40',NULL,1,NULL,NULL,1);
/*!40000 ALTER TABLE `define_action` ENABLE KEYS */;
UNLOCK TABLES;


--
-- Dumping data for table `device_action`
--

LOCK TABLES `device_action` WRITE;
/*!40000 ALTER TABLE `device_action` DISABLE KEYS */;
INSERT INTO `device_action` VALUES ('0590480c-a857-11e5-bab7-b8975ab8b52a',15,'c30da48a-a7b2-11e5-b360-b8975ab8b52a','2015-12-22 10:52:21',NULL,1,NULL,NULL,1),('07979156-a857-11e5-bab7-b8975ab8b52a',15,'f9d0ce27-a7b2-11e5-b360-b8975ab8b52a','2015-12-22 10:52:24',NULL,1,NULL,NULL,1),('111f06f5-a857-11e5-bab7-b8975ab8b52a',16,'c30da48a-a7b2-11e5-b360-b8975ab8b52a','2015-12-22 10:52:40',NULL,1,NULL,NULL,1),('13316786-a857-11e5-bab7-b8975ab8b52a',16,'f9d0ce27-a7b2-11e5-b360-b8975ab8b52a','2015-12-22 10:52:44',NULL,1,NULL,NULL,1),('242bf885-a85d-11e5-bece-b8975ab8b52a',2,'97e72359-a7b2-11e5-b360-b8975ab8b52a','2015-12-22 11:36:09',NULL,1,NULL,NULL,1),('242f45d1-a85d-11e5-bece-b8975ab8b52a',3,'97e72359-a7b2-11e5-b360-b8975ab8b52a','2015-12-22 11:36:09',NULL,1,NULL,NULL,1),('24325cbe-a85d-11e5-bece-b8975ab8b52a',4,'97e72359-a7b2-11e5-b360-b8975ab8b52a','2015-12-22 11:36:09',NULL,1,NULL,NULL,1),('243a0026-a85d-11e5-bece-b8975ab8b52a',5,'97e72359-a7b2-11e5-b360-b8975ab8b52a','2015-12-22 11:36:09',NULL,1,NULL,NULL,1),('243d38ac-a85d-11e5-bece-b8975ab8b52a',6,'97e72359-a7b2-11e5-b360-b8975ab8b52a','2015-12-22 11:36:09',NULL,1,NULL,NULL,1),('24405059-a85d-11e5-bece-b8975ab8b52a',7,'97e72359-a7b2-11e5-b360-b8975ab8b52a','2015-12-22 11:36:09',NULL,1,NULL,NULL,1),('24439794-a85d-11e5-bece-b8975ab8b52a',8,'97e72359-a7b2-11e5-b360-b8975ab8b52a','2015-12-22 11:36:09',NULL,1,NULL,NULL,1),('2446a7e2-a85d-11e5-bece-b8975ab8b52a',9,'97e72359-a7b2-11e5-b360-b8975ab8b52a','2015-12-22 11:36:09',NULL,1,NULL,NULL,1),('2449f459-a85d-11e5-bece-b8975ab8b52a',10,'97e72359-a7b2-11e5-b360-b8975ab8b52a','2015-12-22 11:36:09',NULL,1,NULL,NULL,1),('244d0812-a85d-11e5-bece-b8975ab8b52a',11,'97e72359-a7b2-11e5-b360-b8975ab8b52a','2015-12-22 11:36:09',NULL,1,NULL,NULL,1),('2450519d-a85d-11e5-bece-b8975ab8b52a',12,'97e72359-a7b2-11e5-b360-b8975ab8b52a','2015-12-22 11:36:09',NULL,1,NULL,NULL,1),('24535e5a-a85d-11e5-bece-b8975ab8b52a',13,'97e72359-a7b2-11e5-b360-b8975ab8b52a','2015-12-22 11:36:09',NULL,1,NULL,NULL,1),('2456ac5c-a85d-11e5-bece-b8975ab8b52a',14,'97e72359-a7b2-11e5-b360-b8975ab8b52a','2015-12-22 11:36:09',NULL,1,NULL,NULL,1),('2459bcc7-a85d-11e5-bece-b8975ab8b52a',15,'97e72359-a7b2-11e5-b360-b8975ab8b52a','2015-12-22 11:36:09',NULL,1,NULL,NULL,1),('245d0425-a85d-11e5-bece-b8975ab8b52a',16,'97e72359-a7b2-11e5-b360-b8975ab8b52a','2015-12-22 11:36:10',NULL,1,NULL,NULL,1),('24601a07-a85d-11e5-bece-b8975ab8b52a',17,'97e72359-a7b2-11e5-b360-b8975ab8b52a','2015-12-22 11:36:10',NULL,1,NULL,NULL,1),('24636415-a85d-11e5-bece-b8975ab8b52a',18,'97e72359-a7b2-11e5-b360-b8975ab8b52a','2015-12-22 11:36:10',NULL,1,NULL,NULL,1),('2f8e7fa3-a851-11e5-bab7-b8975ab8b52a',9,'b1e9dd4f-a7b3-11e5-b360-b8975ab8b52a','2015-12-22 10:10:34',NULL,1,NULL,NULL,1),('37780e05-a7ba-11e5-b360-b8975ab8b52a',1,'9c3ccd50-a7b3-11e5-b360-b8975ab8b52a','2015-12-21 16:09:54',NULL,1,NULL,NULL,1),('379cba54-a7ba-11e5-b360-b8975ab8b52a',1,'a1748f8e-a7b3-11e5-b360-b8975ab8b52a','2015-12-21 16:09:54',NULL,1,NULL,NULL,1),('37b26cbc-a7ba-11e5-b360-b8975ab8b52a',2,'8321dc5c-a7b3-11e5-b360-b8975ab8b52a','2015-12-21 16:09:54',NULL,1,NULL,NULL,1),('37d38d7a-a7ba-11e5-b360-b8975ab8b52a',2,'8cf31412-a7b3-11e5-b360-b8975ab8b52a','2015-12-21 16:09:54',NULL,1,NULL,NULL,1),('37ea16be-a7ba-11e5-b360-b8975ab8b52a',2,'937c032c-a7b3-11e5-b360-b8975ab8b52a','2015-12-21 16:09:54',NULL,1,NULL,NULL,1),('38262441-a7ba-11e5-b360-b8975ab8b52a',5,'8321dc5c-a7b3-11e5-b360-b8975ab8b52a','2015-12-21 16:09:55',NULL,1,NULL,NULL,1),('383d5c9d-a7ba-11e5-b360-b8975ab8b52a',5,'8cf31412-a7b3-11e5-b360-b8975ab8b52a','2015-12-21 16:09:55',NULL,1,NULL,NULL,1),('385ec417-a7ba-11e5-b360-b8975ab8b52a',5,'937c032c-a7b3-11e5-b360-b8975ab8b52a','2015-12-21 16:09:55',NULL,1,NULL,NULL,1),('387558ab-a7ba-11e5-b360-b8975ab8b52a',6,'8321dc5c-a7b3-11e5-b360-b8975ab8b52a','2015-12-21 16:09:55',NULL,1,NULL,NULL,1),('389455de-a7ba-11e5-b360-b8975ab8b52a',6,'8cf31412-a7b3-11e5-b360-b8975ab8b52a','2015-12-21 16:09:55',NULL,1,NULL,NULL,1),('38c4b1a7-a7ba-11e5-b360-b8975ab8b52a',6,'937c032c-a7b3-11e5-b360-b8975ab8b52a','2015-12-21 16:09:56',NULL,1,NULL,NULL,1),('38fb9204-a7ba-11e5-b360-b8975ab8b52a',7,'8321dc5c-a7b3-11e5-b360-b8975ab8b52a','2015-12-21 16:09:56',NULL,1,NULL,NULL,1),('391cb88a-a7ba-11e5-b360-b8975ab8b52a',7,'8cf31412-a7b3-11e5-b360-b8975ab8b52a','2015-12-21 16:09:56',NULL,1,NULL,NULL,1),('3a216679-a851-11e5-bab7-b8975ab8b52a',9,'bc39ae07-a7b3-11e5-b360-b8975ab8b52a','2015-12-22 10:10:52',NULL,1,NULL,NULL,1),('442824ed-a850-11e5-bab7-b8975ab8b52a',7,'937c032c-a7b3-11e5-b360-b8975ab8b52a','2015-12-22 10:03:59',NULL,1,NULL,NULL,1),('4905bde1-a851-11e5-bab7-b8975ab8b52a',9,'b6899590-a7b3-11e5-b360-b8975ab8b52a','2015-12-22 10:11:17',NULL,1,NULL,NULL,1),('5bfbb8da-a856-11e5-bab7-b8975ab8b52a',10,'c7bc1ed2-a7b3-11e5-b360-b8975ab8b52a','2015-12-22 10:47:36',NULL,1,NULL,NULL,1),('65c03db1-a856-11e5-bab7-b8975ab8b52a',11,'205a03d2-a856-11e5-bab7-b8975ab8b52a','2015-12-22 10:47:53',NULL,1,NULL,NULL,1),('6b69bd52-a850-11e5-bab7-b8975ab8b52a',8,'b6899590-a7b3-11e5-b360-b8975ab8b52a','2015-12-22 10:05:05',NULL,1,NULL,NULL,1),('6eac89b9-a856-11e5-bab7-b8975ab8b52a',12,'50e0acc2-c0a3-11e5-83d3-005056b543f6','2015-12-22 10:48:08',NULL,1,NULL,NULL,1),('708f8639-a850-11e5-bab7-b8975ab8b52a',8,'c0d677e8-a7b3-11e5-b360-b8975ab8b52a','2015-12-22 10:05:14',NULL,1,NULL,NULL,1),('97899590-a7b3-11e5-b360-b8975ab8b511',10,'b6899590-a7b3-11e5-b360-b8975ab8b52a','2016-02-24 09:22:33',NULL,1,NULL,NULL,1),('c6839044-c0c8-11e5-83d3-005056b543f6',1,'c30da48a-a7b2-11e5-b360-b8975ab8b52a','2016-01-22 13:27:06',NULL,1,NULL,NULL,1),('c7573629-c0c8-11e5-83d3-005056b543f6',1,'f9d0ce27-a7b2-11e5-b360-b8975ab8b52a','2016-01-22 13:27:07',NULL,1,NULL,NULL,1),('c7573629-c0c8-11e5-83d3-005056b543f7',1,'97e72359-a7b2-11e5-b360-b8975ab8b52a','2016-03-07 14:21:24',NULL,1,NULL,NULL,1),('f57260b7-a856-11e5-bab7-b8975ab8b52a',14,'c30da48a-a7b2-11e5-b360-b8975ab8b52a','2015-12-22 10:51:54',NULL,1,NULL,NULL,1),('f7ac7459-a856-11e5-bab7-b8975ab8b52a',14,'f9d0ce27-a7b2-11e5-b360-b8975ab8b52a','2015-12-22 10:51:58',NULL,1,NULL,NULL,1),('f7ac7459-a856-11e5-bab7-b8975ab8b52c',19,'937c032c-a7b3-11e5-b360-b8975ab8b52a','2016-02-23 09:00:57',NULL,1,NULL,NULL,1),('f7ac7459-a856-11e5-bab7-b8975ab8b52d',19,'97e72359-a7b2-11e5-b360-b8975ab8b52a','2016-02-23 09:01:17',NULL,1,NULL,NULL,1),('f7ac7459-a856-11e5-bab7-b8975ab8b52e',20,'f9d0ce27-a7b2-11e5-b360-b8975ab8b53e','2016-02-26 14:24:56',NULL,1,NULL,NULL,1),('f7ac7459-a856-11e5-bab7-b8975ab8b52f',20,'f9d0ce27-a7b2-11e5-b360-b8975ab8b53d','2016-02-26 14:24:58',NULL,1,NULL,NULL,1),('f7ac7459-a856-11e5-bab7-b8975ab8b530',20,'f9d0ce27-a7b2-11e5-b360-b8975ab8b53c','2016-02-26 14:25:00',NULL,1,NULL,NULL,1),('f7ac7459-a856-11e5-bab7-b8975ab8b531',20,'f9d0ce27-a7b2-11e5-b360-b8975ab8b53b','2016-02-26 14:25:02',NULL,1,NULL,NULL,1),('f7ac7459-a856-11e5-bab7-b8975ab8b532',20,'f9d0ce27-a7b2-11e5-b360-b8975ab8b53a','2016-02-26 14:25:04',NULL,1,NULL,NULL,1),('f7ac7459-a856-11e5-bab7-b8975ab8b533',20,'b1e9dd4f-a7b3-11e5-b360-b8975ab8b52a','2016-02-26 14:25:05',NULL,1,NULL,NULL,1),('f7ac7459-a856-11e5-bab7-b8975ab8b534',20,'97e72359-a7b2-11e5-b360-b8975ab8b52a','2016-03-07 14:34:28',NULL,1,NULL,NULL,1);
/*!40000 ALTER TABLE `device_action` ENABLE KEYS */;
UNLOCK TABLES;


--
-- Dumping data for table `device_attributes`
--

LOCK TABLES `device_attributes` WRITE;
/*!40000 ALTER TABLE `device_attributes` DISABLE KEYS */;
INSERT INTO `device_attributes` VALUES ('01ce24cf-a3a8-11e5-83d3-005056b543f6','三路开关','533','4099','4097','16','7de3346a-82be-11e5-a4a7-abd117feb58f','2015-12-16 11:49:28',NULL,'2015-12-16 11:49:28',1,NULL),('01ce24cf-a3a8-11e5-83d3-005056b543f8','三路开关（烟台）','21076','37377','32896','16','7de3346a-82be-11e5-a4a7-abd117feb58f','2015-12-16 11:49:28','','2016-01-18 11:49:28',1,''),('01ce24cf-a3a8-11e5-83d3-005056b543f9','三路开关停','273','12288','80','19','7de3346a-82be-11e5-a4a7-abd117feb58f','2015-12-16 11:49:28','','2016-02-22 11:49:28',1,''),('07671cb4-94cb-11e5-83d3-005056b543f6','遮阳电机','533','4009','4009','5','7de3346a-82be-11e5-a4a7-abd117feb58f','2015-11-27 13:52:22',NULL,'2015-11-27 13:52:22',1,NULL),('07671cb4-94cb-11e5-83d3-005056b543f7','遮阳电机（烟台）','533','4099','4099','5','7de3346a-82be-11e5-a4a7-abd117feb58f','2015-12-08 10:19:47',NULL,'2015-12-08 10:20:00',1,NULL),('07f08811-94ca-11e5-83d3-005056b543f6','中继器','21076','4096','33088','4','7de3346a-82be-11e5-a4a7-abd117feb58f','2015-11-27 13:45:14',NULL,'2015-11-27 13:45:14',1,NULL),('07f08811-94cb-11e5-83d3-005056b543f6','中继器(烟台)','265','8210','4615','4',NULL,NULL,NULL,NULL,1,NULL),('07f08811-94cc-11e5-83d3-005056b543f6','智能插座（烟台）','21076','32771','32802','1',NULL,NULL,NULL,NULL,1,NULL),('285a8138-a3a6-11e5-83d3-005056b543f6','二路开关','533','4098','4097','15','7de3346a-82be-11e5-a4a7-abd117feb58f','2015-12-16 11:36:14',NULL,'2015-12-16 11:36:14',1,NULL),('285a8138-a3a6-11e5-83d3-005056b543f8','二路开关（烟台）','21076','37377','32896','15','7de3346a-82be-11e5-a4a7-abd117feb58f','2015-12-16 11:36:14','','2016-01-18 11:36:14',1,''),('2c457cbd-94ca-11e5-83d3-005056b543f6','调光器(dimmer)','21076','33056','33281','2','7de3346a-82be-11e5-a4a7-abd117feb58f','2015-11-27 13:46:15',NULL,'2015-11-27 13:46:15',1,NULL),('2c457cbd-94ca-11e5-83d3-005056b543f7','调光器(烟台)','0','0','0','2','7de3346a-82be-11e5-a4a7-abd117feb58f','2016-02-22 13:46:15','','2016-02-22 13:46:15',1,''),('70a3bf08-deaf-11e5-9e0c-005056b543f6','垂直窗电机(533)','533','259','258','7','1','2016-02-29 06:45:05',NULL,NULL,1,NULL),('c3c060ea-94c9-11e5-83d3-005056b543f6','三合一传感器','273','8192','2','9','7de3346a-82be-11e5-a4a7-abd117feb58f','2015-11-27 13:43:19',NULL,'2015-11-27 13:43:19',1,NULL),('c531edc7-a3a5-11e5-83d3-005056b543f6','一路开关','293','4097','4097','14','7de3346a-82be-11e5-a4a7-abd117feb58f','2015-12-16 11:33:27',NULL,'2015-12-16 11:33:27',1,NULL),('c531edc7-a3a5-11e5-83d3-005056b543f8','一路开关（烟台）','533','4097','4097','14','7de3346a-82be-11e5-a4a7-abd117feb58f','2015-12-16 11:33:27','','2016-01-18 11:33:27',1,''),('d7c5934c-94ca-11e5-83d3-005056b543f6','窗帘电机','533','12288','4097','6','7de3346a-82be-11e5-a4a7-abd117feb58f','2015-11-27 13:51:02',NULL,'2015-11-27 13:51:02',1,NULL),('d7d56e81-a3c9-11e5-83d3-005056b543f6','烟雾传感器','533','92','92','10','7de3346a-82be-11e5-a4a7-abd117feb58f','2015-12-16 15:51:40',NULL,'2015-12-16 15:51:40',1,NULL),('d7d56e81-a3c9-11e5-83d3-005056b543f8','烟雾传感器（烟台）','346','4099','1','10','7de3346a-82be-11e5-a4a7-abd117feb58f','2015-12-16 15:51:40','','2015-12-16 15:51:40',1,''),('d9f45b49-94c9-11e5-83d3-005056b543f6','门磁','273','8192','1','8','7de3346a-82be-11e5-a4a7-abd117feb58f','2015-11-27 13:43:57',NULL,'2015-11-27 13:43:57',1,NULL),('daa2ff46-94bb-11e5-83d3-005056b543f6','智能插座(带电量监测)','273','4096','16','1','7de3346a-82be-11e5-a4a7-abd117feb58f','2015-11-27 12:03:45',NULL,'2015-11-27 12:03:45',1,NULL),('eea00e57-94ca-11e5-83d3-005056b543f6','垂直电机','10','4098','4099','7','7de3346a-82be-11e5-a4a7-abd117feb58f','2015-11-27 13:51:41',NULL,'2015-11-27 13:51:41',1,NULL),('f1836520-94c9-11e5-83d3-005056b543f6','中继器','273','36864','48','4','7de3346a-82be-11e5-a4a7-abd117feb58f','2015-11-27 13:44:36',NULL,'2015-11-27 13:44:36',1,NULL),('f1c8198b-94bb-11e5-83d3-005056b543f5','风光雨','533','4100','4097','20','7de3346a-82be-11e5-a4a7-abd117feb58f','2015-11-27 12:04:24','','2016-02-26 12:04:24',1,''),('f1c8198b-94bb-11e5-83d3-005056b543f6','智能插座(不带电量监测)','273','24851','259','1','7de3346a-82be-11e5-a4a7-abd117feb58f','2015-11-27 12:04:24',NULL,'2015-11-27 12:04:24',1,NULL);
/*!40000 ALTER TABLE `device_attributes` ENABLE KEYS */;
UNLOCK TABLES;


--
-- Dumping data for table `device_type`
--

LOCK TABLES `device_type` WRITE;
/*!40000 ALTER TABLE `device_type` DISABLE KEYS */;
insert  into `device_type`(`id`,`name`,`type_condition`,`type_controll`,`type_feature`,`status`,`init_time`,`update_time`,`charge_id`,`delete_id`,`remark`) values (1,'智能插座',1,1,4,1,'2015-11-23 00:16:23','2015-11-23 00:16:23','7de3346a-82be-11e5-a4a7-abd117feb58f',NULL,'10'),(2,'调光开关',1,1,1,1,'2015-11-23 00:19:25','2015-11-23 00:19:25','7de3346a-82be-11e5-a4a7-abd117feb58f',NULL,'1110'),(3,'面板开关',1,1,0,1,'2015-11-23 01:41:57','2015-11-23 01:41:57','7de3346a-82be-11e5-a4a7-abd117feb58f',NULL,'101110111'),(4,'中继器',2,2,0,1,'2015-11-23 01:43:59','2015-11-23 01:43:59','7de3346a-82be-11e5-a4a7-abd117feb58f',NULL,'010001100100'),(5,'遮阳电机',1,1,3,1,'2015-11-23 01:45:48','2015-11-23 01:45:48','7de3346a-82be-11e5-a4a7-abd117feb58f',NULL,'11110111111'),(6,'窗帘电机',1,1,3,1,'2015-11-23 01:46:00','2015-11-23 01:46:00','7de3346a-82be-11e5-a4a7-abd117feb58f',NULL,'111111111'),(7,'垂直窗电机',1,1,3,1,'2015-11-23 01:46:50','2015-11-23 01:46:50','7de3346a-82be-11e5-a4a7-abd117feb58f',NULL,'11011111'),(8,'门磁',1,2,2,1,'2015-11-24 11:18:32','2015-11-24 11:18:35','7de3346a-82be-11e5-a4a7-abd117feb58f',NULL,NULL),(9,'三合一传感器',1,2,2,1,'2015-11-24 11:18:50','2015-11-24 11:18:52','7de3346a-82be-11e5-a4a7-abd117feb58f',NULL,NULL),(10,'烟雾报警器',1,2,2,1,'2015-11-27 12:00:43','2015-11-27 12:01:01','7de3346a-82be-11e5-a4a7-abd117feb58f',NULL,NULL),(11,'燃气报警器',1,2,2,1,'2015-11-27 12:00:46','2015-11-27 12:01:06','7de3346a-82be-11e5-a4a7-abd117feb58f',NULL,NULL),(12,'水浸报警器',1,2,2,1,'2015-11-27 12:00:49','2015-11-27 12:01:09','7de3346a-82be-11e5-a4a7-abd117feb58f',NULL,NULL),(13,'空调控制器',2,1,0,1,'2015-11-27 12:00:52','2015-11-27 12:01:12','7de3346a-82be-11e5-a4a7-abd117feb58f',NULL,NULL),(14,'一路开关',1,1,1,1,'2015-11-27 12:00:52','2015-12-16 12:01:15','7de3346a-82be-11e5-a4a7-abd117feb58f',NULL,NULL),(15,'二路开关',1,1,1,1,'2015-11-27 12:00:52','2015-12-16 12:01:17','7de3346a-82be-11e5-a4a7-abd117feb58f',NULL,NULL),(16,'三路开关',1,1,1,1,'2015-11-27 12:00:34','2015-12-16 12:01:20','7de3346a-82be-11e5-a4a7-abd117feb58f',NULL,NULL),(17,'情景大师',0,0,0,1,'2015-11-27 12:00:58','2015-12-16 12:01:17','7de3346a-82be-11e5-a4a7-abd117feb58f','',''),(18,'四合一传感器',1,2,2,1,'2015-11-27 12:00:34','2015-12-16 12:01:20','7de3346a-82be-11e5-a4a7-abd117feb58f','',''),(19,'三路开关停',2,2,3,1,'2016-02-26 14:21:50','2016-02-26 14:21:53','7de3346a-82be-11e5-a4a7-abd117feb58f',NULL,NULL),(20,'风光雨',1,2,2,1,'2016-02-26 14:22:14','2016-02-26 14:22:17','7de3346a-82be-11e5-a4a7-abd117feb58f',NULL,NULL);
/*!40000 ALTER TABLE `device_type` ENABLE KEYS */;
UNLOCK TABLES;

